<KicadtoNgspice><source><v4 name="Source type">15</v4><v5 name="Source type">15</v5><v1 name="Source type">pulse<field1 name="Initial Value">0</field1><field2 name="Pulse Value">5</field2><field3 name="Delay Time">0.1m</field3><field4 name="Rise Time">0.1m</field4><field5 name="Fall Time">0.1m</field5><field5 name="Pulse width">1</field5><field5 name="Period">2</field5></v1><v2 name="Source type">pulse<field1 name="Initial Value">0</field1><field2 name="Pulse Value">5</field2><field3 name="Delay Time">0.1m</field3><field4 name="Rise Time">0.1m</field4><field5 name="Fall Time">0.1m</field5><field5 name="Pulse width">1</field5><field5 name="Period">1000</field5></v2><v3 name="Source type">10</v3><v3 name="Source type">5</v3><v3 name="Source type">9.8</v3></source><model><u4 name="type">rishabh_counter<field1 name="Enter Rise Delay (default=1.0e-9)" /><field2 name="Enter Fall Delay (default=1.0e-9)" /><field3 name="Enter Input Load (default=1.0e-12)" /><field4 name="Enter Instance ID (Between 0-99)" /></u4><u6 name="type">d_and<field5 name="Enter Rise Delay (default=1.0e-9)" /><field6 name="Enter Fall Delay (default=1.0e-9)" /><field7 name="Enter Input Load (default=1.0e-12)" /></u6><u7 name="type">dac_bridge<field8 name="Enter value for out_low (default=0.0)" /><field9 name="Enter value for out_high (default=5.0)" /><field10 name="Enter value for out_undef (default=0.5)" /><field11 name="Enter value for input load (default=1.0e-12)" /><field12 name="Enter the Rise Time (default=1.0e-9)" /><field13 name="Enter the Fall Time (default=1.0e-9)" /></u7><u5 name="type">adc_bridge<field14 name="Enter value for in_low (default=1.0)" /><field15 name="Enter value for in_high (default=2.0)" /><field16 name="Enter Rise Delay (default=1.0e-9)" /><field17 name="Enter Fall Delay (default=1.0e-9)" /></u5></model><devicemodel /><subcircuit><x1><field>/home/vrishabh70086/eSim/library/SubcircuitLibrary/lm_741</field></x1><x2><field>/home/vrishabh70086/eSim/library/SubcircuitLibrary/lm_741</field></x2></subcircuit><analysis><ac><field1 name="Lin">true</field1><field2 name="Dec">false</field2><field3 name="Oct">false</field3><field4 name="Start Frequency" /><field5 name="Stop Frequency" /><field6 name="No. of points" /><field7 name="Start Fre Combo">Hz</field7><field8 name="Stop Fre Combo">Hz</field8></ac><dc><field1 name="Source 1" /><field2 name="Start" /><field3 name="Increment" /><field4 name="Stop" /><field5 name="Operating Point">0</field5><field6 name="Start Combo">Volts or Amperes</field6><field7 name="Increment Combo">Volts or Amperes</field7><field8 name="Stop Combo">Volts or Amperes</field8><field9 name="Source 2" /><field10 name="Start" /><field11 name="Increment" /><field12 name="Stop" /><field13 name="Start Combo">Volts or Amperes</field13><field14 name="Increment Combo">Volts or Amperes</field14><field15 name="Stop Combo">Volts or Amperes</field15></dc><tran><field1 name="Start Time">0</field1><field2 name="Step Time">0.1</field2><field3 name="Stop Time">40</field3><field4 name="Start Combo">Sec</field4><field5 name="Step Combo">Sec</field5><field6 name="Stop Combo">Sec</field6></tran></analysis></KicadtoNgspice>